country,fifa_version,num_players,avg_overall,max_overall,avg_pace,avg_shooting,avg_passing,avg_dribbling,avg_defending,avg_physic,avg_attack_overall,avg_defense_overall
Albania,24,14,74.5,78,71.0,56.916666666666664,63.25,69.66666666666667,61.083333333333336,71.08333333333333,74.75,74.4
Algeria,24,14,77.35714285714286,86,71.0,67.5,74.14285714285714,78.0,61.785714285714285,70.14285714285714,78.57142857142857,77.0
Andorra,24,1,66.0,66,,,,,,,66.0,66.0
Angola,24,14,70.28571428571429,78,76.78571428571429,61.357142857142854,60.92857142857143,69.92857142857143,50.42857142857143,69.35714285714286,70.77777777777777,69.25
Antigua and Barbuda,24,3,63.333333333333336,67,81.0,47.0,56.5,61.5,59.0,71.5,65.0,63.333333333333336
Argentina,24,14,84.14285714285714,90,73.61538461538461,71.23076923076923,77.6923076923077,79.84615384615384,68.07692307692308,76.38461538461539,85.0,83.11111111111111
Armenia,24,12,67.66666666666667,81,73.5,57.583333333333336,61.25,67.66666666666667,45.416666666666664,63.083333333333336,69.125,64.33333333333333
Australia,24,14,72.85714285714286,78,71.07692307692308,60.15384615384615,62.92307692307692,67.6923076923077,60.76923076923077,75.6923076923077,71.75,72.83333333333333
Austria,24,14,79.64285714285714,85,71.92857142857143,63.357142857142854,71.0,72.71428571428571,64.57142857142857,75.35714285714286,78.71428571428571,80.5
Azerbaijan,24,6,65.83333333333333,71,71.4,57.4,50.8,63.0,35.0,63.8,65.0,70.5
Belarus,24,4,64.0,66,68.33333333333333,58.666666666666664,56.333333333333336,64.0,34.0,64.0,64.0,64.0
Belgium,24,14,82.64285714285714,91,69.4,75.6,78.2,78.3,57.5,71.4,83.83333333333333,82.0
Benin,24,10,67.5,73,64.8,51.2,56.5,62.0,58.3,74.2,67.75,66.57142857142857
Bermuda,24,1,69.0,69,77.0,68.0,64.0,69.0,44.0,62.0,69.0,69.0
Bolivia,24,14,68.64285714285714,74,68.83333333333333,56.416666666666664,60.333333333333336,65.0,51.166666666666664,62.75,68.6,69.14285714285714
Bosnia and Herzegovina,24,14,75.71428571428571,83,69.08333333333333,63.916666666666664,69.83333333333333,70.41666666666667,61.083333333333336,73.91666666666667,77.33333333333333,74.88888888888889
Brazil,24,14,86.14285714285714,89,81.58333333333333,69.25,74.41666666666667,79.66666666666667,62.5,75.75,85.83333333333333,86.375
Bulgaria,24,14,67.85714285714286,76,68.57142857142857,54.5,60.0,64.0,53.92857142857143,64.35714285714286,68.14285714285714,67.375
Burkina Faso,24,14,70.5,81,75.46153846153847,54.53846153846154,60.07692307692308,68.0,51.23076923076923,66.38461538461539,71.2,70.85714285714286
Burundi,24,2,68.5,75,69.0,51.5,58.5,65.5,68.0,75.0,68.5,68.5
Cameroon,24,14,77.07142857142857,85,70.15384615384616,62.61538461538461,64.07692307692308,71.15384615384616,53.30769230769231,76.0,76.28571428571429,77.85714285714286
Canada,24,14,73.92857142857143,83,73.0,61.666666666666664,65.58333333333333,69.91666666666667,59.25,75.08333333333333,75.33333333333333,73.54545454545455
Cape Verde,24,14,72.07142857142857,75,75.0,64.42857142857143,62.857142857142854,70.0,43.5,70.35714285714286,72.14285714285714,70.33333333333333
Central African Republic,24,8,65.75,81,70.5,59.5,53.5,63.666666666666664,41.833333333333336,64.66666666666667,65.33333333333333,68.25
Chad,24,1,68.0,68,73.0,68.0,47.0,65.0,31.0,74.0,68.0,68.0
Chile,24,14,74.78571428571429,81,70.0909090909091,58.18181818181818,66.0,68.72727272727273,62.63636363636363,74.63636363636364,74.75,74.54545454545455
China,24,14,71.07142857142857,76,79.25,61.25,63.75,68.5,49.166666666666664,73.5,71.5,70.66666666666667
Taiwan,24,3,64.33333333333333,70,71.66666666666667,50.0,54.666666666666664,64.0,56.0,64.33333333333333,61.5,61.0
Colombia,24,14,78.42857142857143,84,77.0,68.0,68.84615384615384,75.23076923076923,58.15384615384615,72.76923076923077,79.0,77.875
Comoros,24,12,66.25,74,76.36363636363636,55.81818181818182,60.09090909090909,67.36363636363636,51.45454545454545,62.18181818181818,67.28571428571429,64.71428571428571
Congo,24,14,65.28571428571429,72,72.42857142857143,56.714285714285715,56.0,64.07142857142857,45.714285714285715,67.64285714285714,64.125,65.8
Costa Rica,24,14,70.07142857142857,85,69.46153846153847,54.38461538461539,56.30769230769231,64.0,47.0,64.07692307692308,68.0,73.33333333333333
Croatia,24,14,80.57142857142857,87,69.38461538461539,66.3076923076923,76.38461538461539,78.6923076923077,69.0,73.92307692307692,79.5,80.33333333333333
Cuba,24,4,67.5,71,66.0,59.0,62.666666666666664,68.66666666666667,52.0,65.0,67.5,67.0
Curaçao,24,12,66.66666666666667,72,73.36363636363636,53.45454545454545,56.0,64.27272727272727,51.18181818181818,71.18181818181819,67.0,66.5
Cyprus,24,14,66.57142857142857,71,66.91666666666667,51.916666666666664,56.5,62.833333333333336,49.5,64.75,66.4,66.66666666666667
Czech Republic,24,14,77.21428571428571,83,72.72727272727273,71.0909090909091,71.36363636363636,75.27272727272727,59.63636363636363,77.81818181818181,78.0,76.77777777777777
DR Congo,24,14,74.0,80,78.21428571428571,62.57142857142857,66.42857142857143,73.14285714285714,58.214285714285715,71.92857142857143,74.71428571428571,73.55555555555556
Denmark,24,14,79.5,84,67.41666666666667,62.333333333333336,71.83333333333333,72.83333333333333,69.33333333333333,75.41666666666667,77.0,80.18181818181819
Dominican Republic,24,6,61.0,73,66.75,44.5,52.75,59.0,54.0,65.0,68.0,58.6
Ecuador,24,14,75.42857142857143,80,75.2,55.9,68.7,73.2,64.9,71.0,75.66666666666667,75.36363636363636
Egypt,24,13,70.84615384615384,89,67.61538461538461,61.38461538461539,62.69230769230769,69.15384615384616,48.61538461538461,67.23076923076923,69.11111111111111,74.75
El Salvador,24,4,64.0,67,62.0,56.333333333333336,53.0,61.333333333333336,46.0,67.66666666666667,67.0,63.0
England,24,14,85.28571428571429,90,77.0,72.07692307692308,80.07692307692308,81.61538461538461,68.53846153846153,74.84615384615384,85.625,84.71428571428571
Equatorial Guinea,24,7,69.42857142857143,75,70.33333333333333,53.166666666666664,61.833333333333336,66.5,65.33333333333333,69.16666666666667,69.42857142857143,69.0
Estonia,24,7,62.42857142857143,70,64.66666666666667,49.333333333333336,54.833333333333336,57.666666666666664,56.333333333333336,66.0,58.0,63.8
Ethiopia,24,1,66.0,66,72.0,42.0,65.0,65.0,58.0,58.0,66.0,66.0
Faroe Islands,24,3,57.333333333333336,63,64.66666666666667,50.333333333333336,51.0,58.0,43.0,54.666666666666664,57.333333333333336,59.0
Fiji,24,1,68.0,68,88.0,67.0,64.0,70.0,46.0,79.0,68.0,68.0
Finland,24,14,72.5,81,66.33333333333333,64.41666666666667,65.91666666666667,70.66666666666667,55.75,70.0,72.0,72.71428571428571
France,24,14,86.14285714285714,91,84.92307692307692,73.07692307692308,77.0,83.23076923076923,58.23076923076923,72.53846153846153,87.5,85.33333333333333
Gabon,24,14,68.92857142857143,80,72.07142857142857,58.785714285714285,60.92857142857143,66.92857142857143,51.07142857142857,65.14285714285714,69.0,68.22222222222223
Gambia,24,14,69.85714285714286,77,78.42857142857143,59.42857142857143,60.785714285714285,68.57142857142857,46.785714285714285,65.64285714285714,70.25,69.0
Georgia,24,14,73.0,86,69.76923076923077,59.69230769230769,62.92307692307692,67.53846153846153,50.84615384615385,68.3076923076923,73.25,72.66666666666667
Germany,24,14,85.57142857142857,89,71.45454545454545,74.36363636363636,80.54545454545455,80.81818181818181,67.0,73.72727272727273,84.6,86.11111111111111
Ghana,24,14,77.14285714285714,85,78.28571428571429,59.357142857142854,65.78571428571429,72.78571428571429,59.642857142857146,74.14285714285714,76.5,77.625
Gibraltar,24,2,58.0,58,65.0,44.5,46.5,54.5,42.5,63.0,58.0,58.0
Greece,24,14,75.64285714285714,81,74.0,64.91666666666667,66.08333333333333,71.25,58.916666666666664,74.75,75.5,75.75
Grenada,24,8,65.0,70,68.0,54.5,57.125,62.625,57.5,72.625,64.0,64.83333333333333
Guatemala,24,5,64.2,68,68.2,53.2,55.0,60.2,46.0,67.0,63.666666666666664,65.0
Guinea,24,14,72.85714285714286,78,67.64285714285714,63.42857142857143,63.285714285714285,69.14285714285714,55.214285714285715,70.28571428571429,73.0,72.8
Guinea-Bissau,24,14,69.78571428571429,75,78.78571428571429,59.0,60.214285714285715,69.28571428571429,54.42857142857143,68.78571428571429,70.83333333333333,70.33333333333333
Guyana,24,5,61.6,65,73.4,46.4,55.4,61.4,57.0,63.6,59.0,63.333333333333336
Haiti,24,9,66.0,72,77.0,51.833333333333336,59.5,65.83333333333333,51.0,64.66666666666667,64.0,66.33333333333333
Honduras,24,12,67.91666666666667,74,71.58333333333333,58.416666666666664,60.166666666666664,65.16666666666667,48.916666666666664,69.25,71.75,65.71428571428571
Hong Kong,24,4,62.25,69,64.25,36.75,41.5,50.5,54.25,65.0,59.5,63.666666666666664
Hungary,24,14,75.85714285714286,84,70.58333333333333,61.666666666666664,65.33333333333333,69.08333333333333,56.166666666666664,70.91666666666667,75.33333333333333,76.25
Iceland,24,14,71.92857142857143,76,70.3076923076923,63.76923076923077,66.38461538461539,69.76923076923077,56.61538461538461,70.61538461538461,71.55555555555556,72.6
India,24,14,62.285714285714285,66,72.5,44.0,51.166666666666664,57.25,49.5,68.91666666666667,62.8,62.0
Indonesia,24,3,60.666666666666664,64,67.0,42.333333333333336,50.666666666666664,54.0,57.0,64.33333333333333,60.666666666666664,62.0
Iran,24,14,70.85714285714286,82,72.07142857142857,61.214285714285715,64.0,68.92857142857143,53.714285714285715,70.42857142857143,72.5,68.85714285714286
Iraq,24,13,63.38461538461539,69,66.53846153846153,53.23076923076923,55.0,60.84615384615385,48.92307692307692,65.15384615384616,63.5,66.0
Ireland,24,14,73.64285714285714,76,63.0,52.2,62.3,65.0,68.1,73.3,74.5,73.61538461538461
Israel,24,14,70.5,77,71.76923076923077,61.38461538461539,62.15384615384615,68.07692307692308,48.30769230769231,65.0,72.0,68.5
Italy,24,14,84.35714285714286,87,75.5,65.33333333333333,73.0,77.33333333333333,71.5,78.91666666666667,84.25,84.22222222222223
Ivory Coast,24,14,78.5,83,76.92857142857143,65.35714285714286,69.5,75.71428571428571,64.0,75.64285714285714,77.8,78.0
Jamaica,24,14,73.85714285714286,79,77.92307692307692,67.76923076923077,64.07692307692308,72.0,45.23076923076923,69.84615384615384,72.81818181818181,76.0
Japan,24,14,78.0,81,78.07692307692308,65.76923076923077,72.3076923076923,77.84615384615384,60.23076923076923,69.0,78.33333333333333,77.5
Jordan,24,1,71.0,71,82.0,65.0,63.0,78.0,37.0,56.0,71.0,71.0
Kazakhstan,24,2,67.5,70,76.5,62.0,65.0,68.5,60.0,69.5,67.5,67.5
Kenya,24,9,64.55555555555556,74,71.55555555555556,45.55555555555556,53.666666666666664,59.77777777777778,57.0,70.0,62.75,65.71428571428571
Kosovo,24,14,73.92857142857143,81,71.38461538461539,63.92307692307692,67.3076923076923,72.61538461538461,49.30769230769231,68.6923076923077,73.0,74.16666666666667
Latvia,24,6,62.166666666666664,66,62.4,53.4,55.6,61.2,49.8,64.4,65.0,61.8
Lebanon,24,1,62.0,62,67.0,60.0,50.0,58.0,37.0,85.0,62.0,62.0
Liberia,24,6,65.16666666666667,76,66.33333333333333,48.5,59.166666666666664,61.833333333333336,57.833333333333336,70.33333333333333,61.0,67.0
Libya,24,4,72.5,81,72.0,62.75,64.75,69.5,57.25,68.0,70.0,73.33333333333333
Liechtenstein,24,1,69.0,69,70.0,57.0,69.0,70.0,60.0,67.0,69.0,69.0
Lithuania,24,5,62.4,66,65.6,44.6,55.4,56.0,58.4,68.4,62.4,62.4
Luxembourg,24,14,67.0,76,69.08333333333333,48.75,59.833333333333336,62.833333333333336,59.25,68.91666666666667,66.75,66.9
Madagascar,24,6,68.5,73,71.5,58.0,62.166666666666664,68.33333333333333,59.166666666666664,69.83333333333333,65.5,68.25
Malawi,24,2,59.5,64,73.5,35.5,48.5,54.0,56.0,62.0,55.0,59.5
Mali,24,14,76.21428571428571,80,75.78571428571429,61.785714285714285,68.28571428571429,75.21428571428571,64.78571428571429,74.07142857142857,74.75,76.72727272727273
Malta,24,5,67.6,79,67.4,54.6,59.8,62.0,60.8,62.8,71.5,67.6
Mauritania,24,3,65.33333333333333,66,71.5,52.5,52.0,62.0,43.5,72.0,64.0,66.0
Mauritius,24,1,65.0,65,65.0,41.0,53.0,57.0,64.0,76.0,65.0,65.0
Mexico,24,14,78.78571428571429,81,75.61538461538461,70.76923076923077,71.46153846153847,77.38461538461539,56.46153846153846,73.23076923076923,78.55555555555556,79.2
Moldova,24,11,65.0,72,62.1,55.0,53.2,58.7,49.1,69.5,65.4,63.2
Montenegro,24,14,71.5,82,70.0,57.69230769230769,58.61538461538461,64.76923076923077,51.15384615384615,74.61538461538461,70.66666666666667,72.125
Montserrat,24,2,63.0,65,62.5,38.5,51.0,53.0,61.5,75.5,63.0,63.0
Morocco,24,14,79.28571428571429,85,70.84615384615384,65.92307692307692,72.0,75.38461538461539,59.53846153846154,73.3076923076923,79.0,80.71428571428571
Mozambique,24,3,73.66666666666667,81,83.66666666666667,53.333333333333336,60.333333333333336,74.66666666666667,62.666666666666664,63.0,68.0,76.5
Namibia,24,1,64.0,64,74.0,66.0,62.0,66.0,33.0,69.0,64.0,64.0
Nepal,24,1,58.0,58,,,,,,,58.0,58.0
Netherlands,24,14,83.21428571428571,89,78.92307692307692,65.15384615384616,73.46153846153847,77.76923076923077,64.92307692307692,77.53846153846153,82.14285714285714,83.77777777777777
New Zealand,24,14,68.0,75,67.75,59.916666666666664,64.33333333333333,67.5,55.416666666666664,68.25,68.625,67.55555555555556
Niger,24,1,55.0,55,,,,,,,55.0,55.0
Nigeria,24,14,78.0,88,79.5,70.28571428571429,64.5,74.21428571428571,44.142857142857146,75.21428571428571,78.6,76.66666666666667
North Korea,24,1,63.0,63,57.0,68.0,49.0,57.0,30.0,72.0,63.0,63.0
North Macedonia,24,14,71.64285714285714,80,69.6923076923077,62.0,62.53846153846154,68.84615384615384,56.76923076923077,68.61538461538461,72.0,71.11111111111111
Northern Ireland,24,14,70.92857142857143,75,58.23076923076923,53.30769230769231,63.84615384615385,66.0,66.61538461538461,70.23076923076923,69.0,71.0909090909091
Norway,24,14,77.78571428571429,91,76.14285714285714,66.28571428571429,70.28571428571429,74.92857142857143,61.714285714285715,76.85714285714286,81.4,75.875
Pakistan,24,1,63.0,63,82.0,55.0,57.0,64.0,53.0,56.0,63.0,63.0
Palestine,24,2,68.5,73,66.5,55.0,51.0,55.5,48.5,75.0,73.0,64.0
Panama,24,14,67.92857142857143,72,69.64285714285714,57.0,57.0,64.0,46.42857142857143,66.5,67.625,68.57142857142857
Paraguay,24,14,75.57142857142857,81,75.5,65.0,67.14285714285714,72.92857142857143,57.785714285714285,69.71428571428571,76.5,74.4
Peru,24,14,73.92857142857143,78,68.58333333333333,66.33333333333333,66.5,71.41666666666667,53.083333333333336,71.83333333333333,74.0,74.0
Philippines,24,5,66.4,70,80.0,53.0,59.0,66.5,58.5,62.75,67.5,65.5
Poland,24,14,79.42857142857143,90,79.75,73.25,74.625,79.25,55.5,67.25,80.57142857142857,78.33333333333333
Portugal,24,14,84.71428571428571,89,76.25,73.75,78.5,81.91666666666667,64.25,74.16666666666667,85.0,84.0
Puerto Rico,24,2,59.5,65,71.5,42.0,52.5,58.5,44.0,54.5,59.5,65.0
Qatar,24,14,69.07142857142857,76,70.92307692307692,55.84615384615385,62.61538461538461,65.53846153846153,54.0,66.61538461538461,71.25,68.2
Romania,24,14,73.0,77,75.36363636363636,69.18181818181819,71.45454545454545,74.27272727272727,46.63636363636363,67.36363636363636,72.88888888888889,73.2
Russia,24,14,72.07142857142857,79,71.1,66.1,69.2,70.9,53.2,64.5,71.71428571428571,71.25
Saint Kitts and Nevis,24,3,63.666666666666664,67,66.66666666666667,49.666666666666664,56.0,60.666666666666664,56.666666666666664,67.66666666666667,60.0,63.666666666666664
Saint Lucia,24,3,65.0,67,73.0,45.333333333333336,55.666666666666664,60.333333333333336,58.666666666666664,72.0,63.0,65.0
Saudi Arabia,24,14,71.92857142857143,77,75.92307692307692,54.84615384615385,62.30769230769231,67.92307692307692,57.92307692307692,72.0,71.5,71.9
Scotland,24,14,76.92857142857143,86,75.15384615384616,66.6923076923077,72.53846153846153,76.0,67.84615384615384,73.84615384615384,75.16666666666667,77.45454545454545
Senegal,24,14,78.5,86,76.6923076923077,66.61538461538461,65.84615384615384,74.53846153846153,53.92307692307692,73.6923076923077,79.16666666666667,78.42857142857143
Serbia,24,14,80.0,86,62.416666666666664,72.66666666666667,73.66666666666667,75.75,61.083333333333336,79.91666666666667,80.8,78.75
Sierra Leone,24,12,66.08333333333333,70,79.33333333333333,54.666666666666664,55.5,66.33333333333333,43.083333333333336,67.25,67.11111111111111,63.8
Slovakia,24,14,76.21428571428571,84,72.41666666666667,60.416666666666664,65.91666666666667,70.83333333333333,66.0,72.5,74.25,77.1
Slovenia,24,14,74.71428571428571,88,67.58333333333333,62.0,67.41666666666667,70.58333333333333,59.333333333333336,71.91666666666667,73.2,76.0
South Africa,24,14,67.71428571428571,74,72.92857142857143,54.642857142857146,56.57142857142857,65.28571428571429,48.0,64.21428571428571,68.125,67.16666666666667
South Korea,24,14,76.07142857142857,87,74.0,69.23076923076923,69.46153846153847,74.76923076923077,51.30769230769231,71.53846153846153,76.625,75.16666666666667
South Sudan,24,2,53.0,55,76.0,41.0,41.0,54.0,36.5,56.5,55.0,51.0
Spain,24,14,84.64285714285714,89,70.61538461538461,72.92307692307692,81.84615384615384,82.46153846153847,70.46153846153847,72.0,83.8,85.14285714285714
Sri Lanka,24,1,63.0,63,57.0,27.0,50.0,50.0,64.0,70.0,63.0,63.0
Sudan,24,4,60.75,65,80.5,56.75,51.75,62.0,27.25,58.0,60.75,60.75
Suriname,24,12,69.5,78,77.0,52.583333333333336,61.166666666666664,66.91666666666667,60.0,70.66666666666667,71.8,68.7
Sweden,24,14,77.07142857142857,81,72.3076923076923,66.46153846153847,72.23076923076923,76.23076923076923,56.23076923076923,70.53846153846153,77.625,76.0
Switzerland,24,14,79.78571428571429,87,71.7,63.0,71.3,72.2,70.5,78.5,77.0,80.25
Syria,24,4,63.0,65,71.5,51.75,56.0,61.5,47.5,66.25,65.0,62.0
São Tomé and Príncipe,24,1,60.0,60,77.0,34.0,50.0,59.0,54.0,63.0,60.0,60.0
Tanzania,24,2,66.0,72,77.5,66.5,55.0,64.0,28.0,58.0,66.0,66.0
Thailand,24,1,62.0,62,73.0,33.0,47.0,59.0,57.0,67.0,62.0,62.0
Togo,24,13,68.38461538461539,78,74.15384615384616,54.92307692307692,56.30769230769231,64.3076923076923,45.92307692307692,69.38461538461539,69.28571428571429,67.5
Trinidad and Tobago,24,5,63.2,77,74.0,56.5,60.25,64.0,46.0,67.25,71.5,62.0
Tunisia,24,14,72.28571428571429,81,71.76923076923077,61.0,65.53846153846153,69.92307692307692,61.76923076923077,71.76923076923077,71.5,72.0909090909091
Turkey,24,14,78.35714285714286,85,73.58333333333333,63.416666666666664,70.75,75.33333333333333,63.166666666666664,71.0,78.66666666666667,77.88888888888889
Uganda,24,4,61.0,69,72.5,41.5,52.5,57.5,55.25,64.75,58.0,61.0
Ukraine,24,14,76.85714285714286,82,75.0,66.16666666666667,72.83333333333333,74.58333333333333,65.16666666666667,67.75,76.625,76.625
United Arab Emirates,24,14,64.0,72,67.63636363636364,43.09090909090909,54.09090909090909,57.63636363636363,57.81818181818182,65.63636363636364,61.0,64.58333333333333
United States,24,14,76.64285714285714,79,75.46153846153847,60.0,67.46153846153847,73.84615384615384,60.84615384615385,73.0,76.85714285714286,76.375
Uruguay,24,14,81.28571428571429,88,75.38461538461539,65.07692307692308,70.76923076923077,73.92307692307692,74.07692307692308,79.38461538461539,81.0,81.1
Uzbekistan,24,5,66.6,72,68.8,53.2,57.2,60.8,57.6,67.0,67.0,65.25
Vanuatu,24,1,68.0,68,83.0,54.0,54.0,54.0,62.0,85.0,68.0,68.0
Venezuela,24,14,72.78571428571429,77,70.84615384615384,65.46153846153847,64.15384615384616,71.46153846153847,48.69230769230769,71.3076923076923,72.71428571428571,72.5
Wales,24,14,74.35714285714286,77,68.5,56.75,66.75,70.91666666666667,63.083333333333336,66.41666666666667,75.0,74.11111111111111
Zambia,24,8,67.625,75,84.75,57.875,53.875,67.125,40.5,61.75,70.16666666666667,62.333333333333336
Zimbabwe,24,13,67.3076923076923,77,70.84615384615384,55.84615384615385,56.15384615384615,63.23076923076923,50.30769230769231,69.0,67.22222222222223,69.33333333333333
Oman,24,11,70.0,75.0,68.6,54.6,57.4,64.4,50.4,66.5,70.0,70.0
Malaysia,24,11,70.0,75.0,68.6,54.6,57.4,64.4,50.4,66.5,70.0,70.0
Reunion,24,11,70.0,75.0,68.6,54.6,57.4,64.4,50.4,66.5,70.0,70.0
Vietnam,24,11,70.0,75.0,68.6,54.6,57.4,64.4,50.4,66.5,70.0,70.0
New Caledonia,24,11,70.0,75.0,68.6,54.6,57.4,64.4,50.4,66.5,70.0,70.0
Guadeloupe,24,11,70.0,75.0,68.6,54.6,57.4,64.4,50.4,66.5,70.0,70.0
Tahiti,24,11,70.0,75.0,68.6,54.6,57.4,64.4,50.4,66.5,70.0,70.0
Northern Cyprus,24,11,70.0,75.0,68.6,54.6,57.4,64.4,50.4,66.5,70.0,70.0
Kurdistan,24,11,70.0,75.0,68.6,54.6,57.4,64.4,50.4,66.5,70.0,70.0
Bahrain,24,11,70.0,75.0,68.6,54.6,57.4,64.4,50.4,66.5,70.0,70.0
Kuwait,24,11,65.0,70.0,63.7,50.7,53.3,59.8,46.8,61.75,65.0,65.0
Tajikistan,24,11,65.0,70.0,63.7,50.7,53.3,59.8,46.8,61.75,65.0,65.0
Kyrgyzstan,24,11,65.0,70.0,63.7,50.7,53.3,59.8,46.8,61.75,65.0,65.0
Falkland Islands,24,11,65.0,70.0,63.7,50.7,53.3,59.8,46.8,61.75,65.0,65.0
Nicaragua,24,11,65.0,70.0,63.7,50.7,53.3,59.8,46.8,61.75,65.0,65.0
Mayotte,24,11,65.0,70.0,63.7,50.7,53.3,59.8,46.8,61.75,65.0,65.0
Chagos Islands,24,11,65.0,70.0,63.7,50.7,53.3,59.8,46.8,61.75,65.0,65.0
Papua New Guinea,24,11,65.0,70.0,63.7,50.7,53.3,59.8,46.8,61.75,65.0,65.0
Martinique,24,11,65.0,70.0,63.7,50.7,53.3,59.8,46.8,61.75,65.0,65.0
São Tome and Principe,24,11,65.0,70.0,63.7,50.7,53.3,59.8,46.8,61.75,65.0,65.0
Sao Tome and Principe,24,11,65.0,70.0,63.7,50.7,53.3,59.8,46.8,61.75,65.0,65.0
Saint Barthelemy,24,11,65.0,70.0,63.7,50.7,53.3,59.8,46.8,61.75,65.0,65.0
Zanzibar,24,11,65.0,70.0,63.7,50.7,53.3,59.8,46.8,61.75,65.0,65.0
Botswana,24,11,65.0,70.0,63.7,50.7,53.3,59.8,46.8,61.75,65.0,65.0
St Vincent & Grenadines,24,11,65.0,70.0,63.7,50.7,53.3,59.8,46.8,61.75,65.0,65.0
Rwanda,24,11,65.0,70.0,63.7,50.7,53.3,59.8,46.8,61.75,65.0,65.0
Kiribati,24,11,65.0,70.0,63.7,50.7,53.3,59.8,46.8,61.75,65.0,65.0
Eswatini,24,11,65.0,70.0,63.7,50.7,53.3,59.8,46.8,61.75,65.0,65.0
French Guiana,24,11,65.0,70.0,63.7,50.7,53.3,59.8,46.8,61.75,65.0,65.0
Solomon Islands,24,11,65.0,70.0,63.7,50.7,53.3,59.8,46.8,61.75,65.0,65.0
Belize,24,11,65.0,70.0,63.7,50.7,53.3,59.8,46.8,61.75,65.0,65.0
Turkmenistan,24,11,65.0,70.0,63.7,50.7,53.3,59.8,46.8,61.75,65.0,65.0
Greenland,24,11,65.0,70.0,63.7,50.7,53.3,59.8,46.8,61.75,65.0,65.0
Tuvalu,24,11,65.0,70.0,63.7,50.7,53.3,59.8,46.8,61.75,65.0,65.0
Singapore,24,11,65.0,70.0,63.7,50.7,53.3,59.8,46.8,61.75,65.0,65.0
Saint Pierre and Miquelon,24,11,65.0,70.0,63.7,50.7,53.3,59.8,46.8,61.75,65.0,65.0
Marshall Islands,24,11,65.0,70.0,63.7,50.7,53.3,59.8,46.8,61.75,65.0,65.0
Sint Maarten,24,11,65.0,70.0,63.7,50.7,53.3,59.8,46.8,61.75,65.0,65.0
Samoa,24,11,65.0,70.0,63.7,50.7,53.3,59.8,46.8,61.75,65.0,65.0
Yemen,24,11,65.0,70.0,63.7,50.7,53.3,59.8,46.8,61.75,65.0,65.0
Eritrea,24,11,65.0,70.0,63.7,50.7,53.3,59.8,46.8,61.75,65.0,65.0
Cook Islands,24,11,65.0,70.0,63.7,50.7,53.3,59.8,46.8,61.75,65.0,65.0
Lesotho,24,11,65.0,70.0,63.7,50.7,53.3,59.8,46.8,61.75,65.0,65.0
Swaziland,24,11,65.0,70.0,63.7,50.7,53.3,59.8,46.8,61.75,65.0,65.0
Saint Martin,24,11,65.0,70.0,63.7,50.7,53.3,59.8,46.8,61.75,65.0,65.0
Aruba,24,11,65.0,70.0,63.7,50.7,53.3,59.8,46.8,61.75,65.0,65.0
American Samoa,24,11,65.0,70.0,63.7,50.7,53.3,59.8,46.8,61.75,65.0,65.0
Afghanistan,24,11,65.0,70.0,63.7,50.7,53.3,59.8,46.8,61.75,65.0,65.0
Tonga,24,11,65.0,70.0,63.7,50.7,53.3,59.8,46.8,61.75,65.0,65.0
Bangladesh,24,11,65.0,70.0,63.7,50.7,53.3,59.8,46.8,61.75,65.0,65.0
Myanmar,24,11,60.0,65.0,58.8,46.8,49.2,55.2,43.2,57.0,60.0,60.0
Turks and Caicos Islands,24,11,60.0,65.0,58.8,46.8,49.2,55.2,43.2,57.0,60.0,60.0
Barbados,24,11,60.0,65.0,58.8,46.8,49.2,55.2,43.2,57.0,60.0,60.0
Cayman Islands,24,11,60.0,65.0,58.8,46.8,49.2,55.2,43.2,57.0,60.0,60.0
Somalia,24,11,60.0,65.0,58.8,46.8,49.2,55.2,43.2,57.0,60.0,60.0
Dominica,24,11,60.0,65.0,58.8,46.8,49.2,55.2,43.2,57.0,60.0,60.0
Guam,24,11,60.0,65.0,58.8,46.8,49.2,55.2,43.2,57.0,60.0,60.0
Bonaire,24,11,60.0,65.0,58.8,46.8,49.2,55.2,43.2,57.0,60.0,60.0
Northern Mariana Islands,24,11,60.0,65.0,58.8,46.8,49.2,55.2,43.2,57.0,60.0,60.0
Cambodia,24,11,60.0,65.0,58.8,46.8,49.2,55.2,43.2,57.0,60.0,60.0
Djibouti,24,11,60.0,65.0,58.8,46.8,49.2,55.2,43.2,57.0,60.0,60.0
Maldives,24,11,60.0,65.0,58.8,46.8,49.2,55.2,43.2,57.0,60.0,60.0
Anguilla,24,11,60.0,65.0,58.8,46.8,49.2,55.2,43.2,57.0,60.0,60.0
British Virgin Islands,24,11,60.0,65.0,58.8,46.8,49.2,55.2,43.2,57.0,60.0,60.0
US Virgin Islands,24,11,60.0,65.0,58.8,46.8,49.2,55.2,43.2,57.0,60.0,60.0
Brunei,24,11,60.0,65.0,58.8,46.8,49.2,55.2,43.2,57.0,60.0,60.0
Mongolia,24,11,60.0,65.0,58.8,46.8,49.2,55.2,43.2,57.0,60.0,60.0
Laos,24,11,60.0,65.0,58.8,46.8,49.2,55.2,43.2,57.0,60.0,60.0
Bahamas,24,11,60.0,65.0,58.8,46.8,49.2,55.2,43.2,57.0,60.0,60.0
Macao,24,11,60.0,65.0,58.8,46.8,49.2,55.2,43.2,57.0,60.0,60.0
East Timor,24,11,60.0,65.0,58.8,46.8,49.2,55.2,43.2,57.0,60.0,60.0
Bhutan,24,11,60.0,65.0,58.8,46.8,49.2,55.2,43.2,57.0,60.0,60.0
Seychelles,24,11,60.0,65.0,58.8,46.8,49.2,55.2,43.2,57.0,60.0,60.0
San Marino,24,11,60.0,65.0,58.8,46.8,49.2,55.2,43.2,57.0,60.0,60.0
